{
    "content": [
        "ARRETE",
        "Article 1\"\"",
        "La commune du Cloître — Saint Thégonnec est autorisée à exploiter une installation de stockage de déchets inertes, sise au lieu dit « Quillien »sur la commune du Cloître - Saint Thégonnec, dans les conditions définies dans le présent arrêté et dans ses annexes. :",
        "*",
        "-1 : Conditions d'exploitation -II : Critères à respecter pour l'admission de terres provenant de sites contaminés - III : Prescriptions relatives à la protection des milieux aquatiques",
        {
            "id": null,
            "level": 1,
            "text": "Article 2 -"
        },
        "Seuls les déchets suivants peuvent être stockés dans l’installation de stockage de déchets inertes :",
        " ",
        " ",
        " ",
        " ",
        " ",
        " ",
        {
            "rows": [
                {
                    "cells": [
                        {
                            "colspan": 1,
                            "content": {
                                "active": true,
                                "links": [],
                                "table": null,
                                "text": "Code (décret\nn° 2002-540)\n\f"
                            },
                            "rowspan": 1
                        }
                    ],
                    "is_header": false,
                    "text_in_inspection_sheet": null
                },
                {
                    "cells": [
                        {
                            "colspan": 1,
                            "content": {
                                "active": true,
                                "links": [],
                                "table": null,
                                "text": "15.01.07\n\f"
                            },
                            "rowspan": 1
                        }
                    ],
                    "is_header": false,
                    "text_in_inspection_sheet": null
                }
            ]
        },
        "Chapitre de la liste des déchets (décret n° 2002-540)",
        "Description",
        "Restrictions",
        " ",
        " ",
        "Emballage en verre",
        "15. Embaliages et déchets d’em-",
        "ballage.",
        " ",
        "17. Déchets de construction et de 17.01.01 Bétons Uniquement déchets de construction démotlition. et de démolition triés (1).",
        " ",
        {
            "rows": [
                {
                    "cells": [
                        {
                            "colspan": 1,
                            "content": {
                                "active": true,
                                "links": [],
                                "table": null,
                                "text": "17.01.02\n\f"
                            },
                            "rowspan": 1
                        }
                    ],
                    "is_header": false,
                    "text_in_inspection_sheet": null
                }
            ]
        },
        "17. Déchets de construction et de Briques Uniquement déchets de construction démolition. et de démolition triés (7).",
        " ",
        " ",
        "17. Déchets de construction et de 17.01.03 Tuiles et céramiques | Uniquement déchets de construction démolition. et de démolition triés (7).",
        " ",
        {
            "rows": [
                {
                    "cells": [
                        {
                            "colspan": 1,
                            "content": {
                                "active": true,
                                "links": [],
                                "table": null,
                                "text": "Mélange de béton,\nbriques, tuiles et\ncéramiques\n\f"
                            },
                            "rowspan": 1
                        }
                    ],
                    "is_header": false,
                    "text_in_inspection_sheet": null
                }
            ]
        },
        "17. Déchets de construction et de 17.01.07 Uniquement déchets de construction démolition. et de démolition triés (1).",
        " ",
        "17. Déchets de construction et de 17.02.02 Verre",
        "démolition.",
        " ",
        {
            "rows": [
                {
                    "cells": [
                        {
                            "colspan": 1,
                            "content": {
                                "active": true,
                                "links": [],
                                "table": null,
                                "text": "Mélanges bitumineux\n\f"
                            },
                            "rowspan": 1
                        }
                    ],
                    "is_header": false,
                    "text_in_inspection_sheet": null
                }
            ]
        },
        "Uniquement après réalisation d’un test permettant de s’assurer de l’absence de goudron.",
        "17. Déchets de construction et de 17.03.02 démolition.",
        " ",
        "17. Déchets de construction et de 17.05.04 Terres et pierres(y démolition. compris déblais)",
        "A l’exclusion de la terre végétale et de la tourbe ; pour les terres et pierres provenant de sites contami- nés uniquement après réalisation d’une procédure d’acceptation préa- lable.",
        " ",
        "17. Déchets de construction et de 17.06.05 Matériaux de démolition. construction conte-",
        "Uniquement les déchets d’amiante lié aux matériaux inertes (amiantes- ciment, …) ayant conservé leur inté- grité.",
        "nant de l’amiante 19.12.05 Verre",
        " ",
        {
            "rows": [
                {
                    "cells": [
                        {
                            "colspan": 1,
                            "content": {
                                "active": true,
                                "links": [],
                                "table": null,
                                "text": "19. Déchets provenant des ins-\ntallations de gestion des\ndéchets.\n\f"
                            },
                            "rowspan": 1
                        }
                    ],
                    "is_header": false,
                    "text_in_inspection_sheet": null
                }
            ]
        },
        " ",
        {
            "rows": [
                {
                    "cells": [
                        {
                            "colspan": 1,
                            "content": {
                                "active": true,
                                "links": [],
                                "table": null,
                                "text": "20.02.02\n\f"
                            },
                            "rowspan": 1
                        }
                    ],
                    "is_header": false,
                    "text_in_inspection_sheet": null
                }
            ]
        },
        "20. Déchets municipaux.",
        "Terres et pierres",
        "Provenant uniquement de déchets de jardins et de pares ; à l’exclusion de la terre végétale et de la tourbe.",
        " ",
        "() Les déchets de construction et de démolition triés mentionnés dans celte liste et contenant en faible quantité d’autres types de matériaux tels que des métaux, des matières plastiques, du plâtre, des substances organiques, du bois, du caoutchouc, etc, peuvent également être admis dans l’installation.",
        " ",
        {
            "id": null,
            "level": 1,
            "text": "Article 3 -"
        },
        "L’exploitation est autorisée pour une durée de seize ans (16 ans) à compter de la notification du présent",
        "arrêté.",
        "Pendant cette durée, les quantités de déchets admises sont limitées à :",
        "7200 n° 800 m°",
        "»  Déchets inertes (hors déchets d’amiante lié à des matériaux inertes) —————_—_…_…_… * © Déchets d’amiante lié à des matériaux inertes —… …… ieciiecieemmeentenmnnnnmen",
        {
            "id": null,
            "level": 1,
            "text": "Article 4 -"
        },
        "Les quantités suivantes pourront être admises chaque année sur le site :",
        "»  déchets inertes (hors déchets d’amiante lié à des matériaux inertes) —————…—_……nerece 450 m* «  déchets d’amiante lié à des matériaux inertes ———————— —— ——n 50 m°",
        {
            "id": null,
            "level": 1,
            "text": "Article 5--"
        },
        "L’installation est exploitée conformément aux prescriptions précisées en annexe du présent arrêté.",
        {
            "id": null,
            "level": 1,
            "text": "Article 6 -"
        },
        "L’exploitant doit faire un rapport annuellement au préfet sur les types et quantités de déchets admis et les éventuels effets néfastes constatés ainsi que sur les mesures prises pour y remédier. À cette fin, l’exploitant adresse chaque année au préfet la déclaration prévue par l’arrêté du 7 novembre 2005 susvisé avant le 1* avril de l’année en cours pour ce qui conceme les données de l’année précédente. Il y indique, le cas échéant, les événements notables liés à l’exploitation du site. L’exploitant adresse copie de sa déclaration au maire de la commune où est située l’installation.",
        {
            "id": null,
            "level": 1,
            "text": "Article 7 -"
        },
        "Les déchets d’amiante lié à des matériaux inertes sont stockés avec leur conditionnement dans l’alvéole spécifiquement conçue pour les recevoir. L’(es) alvéole(s) dédiée(s) au stockage de déchets d’amiante lié à des matériaux inertes doit(vent) être exploitée(s) conformément aux prescriptions précisées au chapitre V de",
        "l’annexe I du présent arrêté.",
        "L’exploitant informe tout acquéreur du terrain en cours ou en fin d’exploitation de la présence de ces déchets.",
        "L’exploitant fait publier à ses frais l’arrêté préfectoral d’autorisation au bureau des hypothèques de la situa- tion des immeubles.",
        {
            "id": null,
            "level": 1,
            "text": "Article 8 -"
        },
        "Une ampliation du présent arrêté sera notifiée au maire du Cloître — Saint Thégonnec, pétitionnaire.",
        "Une ampliation du présent arrêté sera affichée à la mairie du Cloître — Saint Thégonnec. Il est en outre publié au recueil des actes administratifs du département.",
        {
            "id": null,
            "level": 1,
            "text": "Article 9 -"
        },
        "Le secrétaire général de la préfecture du Finistère, le maire du Cloître — Saint Thégonnec et le directeur",
        "départemental de l’Equipement du Finistère sont chargés - chacun en ce qui le concerne - de l'exécution du présent arrêté.",
        "Fait à Quimper, |e 4 & JUIN 2007",
        "Pour le Préfet du Finistère et par délégation, Le Directeur Départemental de l’Equipement,",
        "    ",
        "Jean-Christophe VILL",
        " ",
        "I- Dispositions générales",
        "1. - Conformiité de l'installation au dossier de demande d’autorisation",
        "L'installation doit être implantée, réalisée et exploitée conformément aux plans et autres documents joints à la demande d’autorisation, sous réserve du respect des prescriptions ci-dessous.",
        "IL - Règles d’exploitation du site",
        "2.1. Contrôle de l’accès",
        "L’installation de stockage de déchets est clôturée. Ses entrées sont équipées de portails fermés à clé en dehors des heures d’ouverture. Son accès est interdit à toute personne étrangère à l’exploitation. Un accès principal et unique doit être aménagé pour les conditions normales de fonctionnement du site, tout autre accès devant être réservé à un usage secondaire et exceptionnel. ;",
        "2.2. Accessibilité",
        "La voirie d’accès est aménagée en fonction de la fréquentation de pointe escomptée, afin de ne pas perturber la cir- culation sur la voie publique attenante.",
        "2,3. Propreté",
        "L'exploitant doit prendre toutes les dispositions nécessaires afin de réduire les inconvénients pouvant résulter de l'installation de stockage, notamment en période sèche :",
        "- les émissions de poussières ;",
        "- la dispersion de déchets par envol.",
        "L'exploitant assure en permanence la propreté des voies de circulation, en particulier à la sortie de l'installation de stockage. Les abords de la zone sont régulièrement débroussaillés.",
        "2.4. Bruit",
        "L'installation est construite, équipée et exploitée de façon à ce que son fonctionnement ne puisse être à l'origine de bruits susceptibles de constituer une gêne pour le voisinage, notamment en raison de la présence d’habitations dans un rayon de 50 à 60 mètres.",
        "L'usage de tout appareil de communication par voie acoustique (sirènes, avertisseurs, haut-parleurs, etc.) génant pour le voisinage est interdit, sauf si leur emploi est exceptionnel ou réservé à la prévention ou au signalement d'incidents graves ou d'accidents.",
        "2.5. Plan d’exploitation",
        "L'exploitant tient à jour un plan d'exploitation de l'installation de stockage. Ce plan coté en plan et altitude permet d’identifier les parcelles où sont entreposés les différents déchets et notamment les alvéoles spécifiques dans les- quelles sont stockés des déchets d’amiante lié à des matériaux inertes.",
        "2.6. Progression de l’exploitation",
        "L’exploitation est effectuée par tranches successives dont le réaménagement est coordonné. Le stockage des déchets est réalisé de préférence par zone peu étendue et en hauteur pour limiter la superficie, en cours d'exploita- tion, soumise aux intempéries.",
        "2.7. Affichage",
        "L’exploitant affiche en permanence de façon visible à l’entrée de l’installation un avis énumérant sa raison sociale et son adresse, le numéro et la date de l’arrêté préfectoral autorisant l’exploitation du site, les types de déchets admissibles, les jours et heures d’ouverture s’il s’agit d’une installation collective et la mention « interdiction d’accès à toute personne non autorisée ».",
        "2.8.",
        "Brâlage",
        "Il est interdit de procéder au brûlage de déchets sur le site de l’installation de stockage.",
        "(Référence : article 10 du décret n°2006-302)",
        "IM - Conditions d’admission des déchets",
        " ",
        "Déchets admissibles",
        "3.1,",
        "Les déchets admissibles dans une installation de stockage de déchets inertes sont énumérés à l’article 2 du présent arrêté.",
        "Les déchets de construction et de démolition triés mentionnés dans cette liste et contenant en faible quantité d’autres types de matériaux tels que des métaux, des matières plastiques, du plâtre, des substances organiques, du bois du caoutchouc etc. peuvent également être admis dans l’installation. Sont concemés par ces dispositions les déchets désignés par les rubriques 17 01 01 « Bétons », 17 01 02 « Briques », 17 01 03 « « Tuiles et céramiques » et 17 01 07 « Mélange de béton, briques, tuiles et céramiques »",
        "3.2. Déchets interdits",
        "Le stockage de déchets d’un type différent de ceux mentionnés dans l’autorisation d’exploitation est interdit. (Référence : article 12 II a) du décret n°2006-302)",
        "3.3. Dilution",
        "Il est interdit de procéder à une dilution ou à un mélange des déchets dans le seul but de satisfaire aux critères d’admission.",
        "3.4. Document préalable d’admission",
        "Avant la livraison ou avant la première d’une série de livraisons d’un même déchet, le producteur des déchets remet à l’exploitant de l’installation de stockage de déchets inertes un document préalable indiquant l’origine, les quanti-",
        "tés et le type des déchets. Ce document est signé par le producteur des déchets et les différents intermédiaires le cas échéant.",
        "Toutefois, si les déchets sont apportés en faibles quantités ou de façon occasionnelle, le document précité pourra être rempli par le producteur des déchets ou son représentant lors de la livraison des déchets.",
        "3.5. Déchets présentant une suspicion de contamination",
        "En cas de présomption de contamination des déchets, l’exploitant vérifie les conclusions de la procédure d’accepta- tion préalable réalisée par le producteur des déchets avant leur arrivée dans l’installation de stockage.",
        "Cette acceptation préalable contient a minima une évaluation du potentiel polluant des déchets par un essai de lixi- viation pour les paramètres définis à l’annexe II du présent arrêté et une analyse du contenu total pour les para- mètres définis dans la même annexe. Le test de lixiviation à appliquer est le test normalisé X 30-402-2. Seuls les déchets respectant les critères définis en annexe II peuvent être admis.",
        "3.6. Déchets d’enrobés bitumineux",
        "Lors de l’admission de déchets d’enrobés Bitumineux, l’exploitant vérifie notamment les résultats du test pour s’assurer qu’ils ne contiennent pas de goudron, ces résultats étant indiqués sur le document préalable mentionné au point 3.4.",
        "Terres provenant de sites contaminés",
        "3.7",
        "Dans le cas de terres provenant de sites contaminés, l’exploitant vérifie les conclusions de la procédure d’accepta-",
        "tion préalable prévue au point 3.5 réalisée par le producteur des déchets avant leur arrivée dans l’installation de stockage.",
        "3.8.",
        "Contrôle lors de l’admission des déchets",
        "Tout déchet admis fait l’objet d’une vérification des documents d’accompagnement listés aux points 3.4 à 3.7. Dans le cas d’un transfert transfrontière de déchets inertes, l’exploitant vérifie les documents requis par le règle- ment du 1” février 1993 concernant la surveillance et le contrôle des transferts de déchets à l’intérieur, à l’entrée et à la sortie de la communauté européenne.",
        "Un contrôle visuel des déchets est réalisé lors du déchargement du camion et lors du régalage des déchets afin de vérifier l’absence de déchets non autorisés.",
        "Le déversement direct dans une alvéole de la benne du camion de livraison est interdit sans vérification préalable du contenu de la benne et en l’absence de l’exploitant ou de son représentant. 3.9. Accusé de réception",
        "En cas d’acceptation des déchets, l’exploitant délivre un accusé de réception à l’expéditeur des déchets.",
        "En cas de refus, le préfet est informé, au plus tard 48 heures après le refus, des caractéristiques du lot refusé (expé- diteur, origine, nature et volume des déchets, ….",
        "3.10. Tenue d’un registre",
        "L'exploitant tient à jour un registre d'admission, éventuellement sous format électronique, dans lequel il consigne pour chaque chargement de déchets présenté :",
        "- la date de réception, la date de délivrance de l’accusé de réception des déchets délivré au producteur et, si elle est différente, la date de leur stockage;",
        "- l'origine et la nature des déchets ;",
        "- le volume (ou la masse) des déchets ;",
        "- le résultat du contrôle visuel et, le cas échéant, de la vérification des documents d’accompagnement ;",
        "- le cas échéant, le motif de refus d'admission.",
        "Ce registre est conservé pendant au moins trois ans et est tenu à la disposition des agents mentionnés à l’article L.541-44 du code de l’environnement.",
        "IV - Remise en état du site en fin d’exploitation",
        "4.1. Couverture finale",
        "Une couverture finale est mise en place à la fin de l’exploitation de chaque tranche. Son modelé devra permettre la résorption et l’évacuation des eaux pluviales compatibles avec les obligations édictées aux articles 640 et 641 du code civil. La géométrie, l’épaisseur et la nature de chaque couverture sont précisées dans le plan d’exploitation du site.",
        "4.2, Aménagements en fin d’exploitation",
        "Les aménagements sont effectués en fonction de l'usage ultérieur prévu du site (agriculture, loisirs, construction…) et notamment ceux mentionnés dans les documents d’urbanisme opposables aux tiers. La remise en état est réalisée conformément au dossier de demande d’autorisation.",
        "Dans tous les cas, l'aménagement du site après exploitation doit prendre en compte l’aspect paysager.",
        "4.3. Plan topographique",
        "A la fin de l’exploitation, l’exploitant fournit au préfet un plan topographique du site de stockage à l’échelle 1/500*\"* qui présente l’ensemble des aménagements du site (végétation etc.).",
        "Une copie de ce plan du site est transmise au maire de la commune d’implantation de l’installation et au proprié- taire du terrain si l’exploitant n’est pas le propriétaire.",
        "   ",
        "V - Dispositions supplémentaires pour le cas du stockage de déchets d’amiante lié à des matériaux inertes Sans préjudice des dispositions du code du travail, les règles suivantes devront être respectées.",
        "5.1. Aménagement spécifique Le déchargement, l’entreposage éventuel et le stockage des déchets d’amiante lié à des matériaux inertes sont organisés de manière à prévenir le risque d’envol de poussières d’amiante.",
        "À cette fin, une zone de dépôt adaptée à ces déchets est aménagée ; elle sera le cas échéant équipée d’un dispositif d’emballage permettant de conditionner les déchets des particuliers réceptionnés non emballés.",
        "5.2 Règles d’exploitation spécifique",
        "Ces déchets conditionnés en paleites, en racks ou en grands récipients pour vrac (GRV) souples, sont déchargés avec précaution à l’aide de moyens adaptés tels qu’un chariot élévateur, en veillant à prévenir une éventuelle libéra- tion de fibres. Les opérations de déversement direct de la benne du camion de livraison sont interdites.",
        "Les déchets d’amiante lié à des matériaux inertes sont stockés avec leur conditionnement dans des alvéoles spéci- fiques.",
        "5.3. Signalisation",
        "Les alvéoles contenant des déchets d’amiante lié à des matériaux inertes font l’objet d’une signalisation permettant de les repérer sur le site.",
        "Contrôle lors de l’admission de déchets d’amiante lié à des matériaux inertes",
        "5.4",
        "Lors de la présentation de déchets d’amiante lié à des matériaux inertes, l’exploitant vérifie et complète le borde- reau de suivi de déchets dangereux contenant de l’amiante prévu par l’arrêté du 29 juillet 2005 fixant le formulaire du bordereau de suivi des déchets dangereux mentionné à l’article 4 du décret n°2005-635 du 30 mai 2005,",
        "En plus des dispositions prévues au point 3.8, un contrôle visuel des déchets est réalisé à l’entrée du site et lors du déchargement du camion. L’exploitant vérifie que le type de conditionnement utilisé (palettes, racks, GRV...) permet de préserver l’intégrité de l’amiante lié à des matériaux inertes durant sa manutention avant stockage et s’assure que l'étiquetage \"amiante” imposé par le décret du 28 avril 1988 susvisé est bien présent.",
        "Couverture quotidienne",
        "5.5.",
        "Les alvéoles contenant des déchets d’amiante lié à des matériaux inertes sont couvertes quotidiennement et avant toute opération de régalage d’une couche de matériaux présentant une épaisseur et une résistance mécanique suffi- santes.",
        "5.6.",
        "Couverture finale",
        "Après la fin d’exploitation, une couverture d’au moins un mètre d’épaisseur est mise en place à laquelle il est ajouté une couche suffisante de terre végétale pour permettre la mise en place de plantations.",
        "Tenue du registre",
        "5.7",
        "Dans le cas d’un stockage de déchets d’amiante lié à des matériaux inertes, le registre prévu au point 3.10. contient en outre les éléments mentionnés suivants :",
        "le numéro du ou des bordereaux de suivi de déchets contenant de l’amiante ;",
        "le nom et l’adresse de l’expéditeur initial et, le cas échéant, son numéro SIRET ;",
        "le nom et l’adresse des installations dans lesquelles les déchets ont été préalablement entreposés ;",
        "le nom et l’adresse du transporteur et, le cas échéant, son numéro SIREN ;",
        "- l’identification de l’alvéole dans laquelle les déchets sont stockés.",
        "5.8. Plan topographique",
        "Dans le cas d’un stockage de déchets d’amiante lié à des matériaux inertes, le plan topographique prévu au point 4.3. présente également l’emplacement des alvéoles dans lesquelles des déchets d’amiante lié à des matériaux inertes sont stockés. Dans ce cas, l’exploitant précise les mesures prises pour garantir l’intégrité de leur stockage et leur confinement et pour prévenir toute exposition future des riverains aux déchets d’amiante lié à des matériaux inertes, et notamment les restrictions d’usage du site.",
        "Obligation d’information",
        "5.9",
        "L’exploitant est tenu d’informer tout acquéreur du terrain en cours ou en fin d’exploitation de la présence des déchets d’amiante lié à des matériaux inertes.",
        "(Référence : Article 5 - 3°) du décret n°2006-302)",
        " ",
        "Critères à respecter pour l’admission de terres provenant de sites contaminés",
        "1°/ Paramètres à vérifier lors du test de lixiviation et valeurs limites à respecter",
        " ",
        " ",
        " ",
        " ",
        "Paramètres en mg/kg de matière sèche As 0.5 Ba 20 Cd 0.04 Cr total 0.5 Cu 2 Hg 0.01 Mo 0.5 Ni 04 Pb 0.5 sb 0.06 se 0.1 Zn 4 Fluorures 10 Indice phénols 1 COT sur éluat* 500* FS (fraction soluble) 4000",
        " ",
        "*  Si le déchet ne satisfait pas aux valeurs indiquées pour le carbone organique total sur éluat à sa propre valeur de pH, il peut aussi faire l'objet d'un essai avec un rapport L/S = 10 Vkg et un pH compris entre 7,5 et 8. Le déchet peut être jugé conforme aux critères d'admission pour le COT sur éluat si le résultat de cette détermination ne dépasse pas 500 mg/kg.",
        "2°/ Paramètres à vérifier pour le contenu total et valeurs limites à respecter",
        " ",
        " ",
        " ",
        " ",
        "Paramètres en mg/kg de déchet sec COT (Carbone organique total) 30000** BTEX (Benzène, toluène, éthylbenzène et xylènes) 6 PCB (Byphényls polyclorés 7 congénères) 1 Hydrocarbures (C10 à C40) 500 HAP (Hydrocarbures aromatiques polycycliques) 50",
        " ",
        " ",
        " ",
        " ",
        " ",
        " ",
        "** Une valeur limite plus élevée peut être admise, à condition que la valeur limite de 500 mg/kg soit respectée pour le COT sur éluat, soit au pH du sol, soit pour un pH situé entre 7,5 et 8,0.",
        " ",
        "Prescriptions relatives à la protection des milieux aquatiques",
        "Centre de stockage de déchets inertes de la commune de LE CLOITRE SAINT-THEGONNEC",
        {
            "id": null,
            "level": 1,
            "text": "Article 1 - Conditions d’exécution des travaux"
        },
        "Les travaux et aménagements sont réalisés conformément aux indications du dossier sous réserve des prescriptions du pré- sent arrêté et sans préjudice des dispositions réglementaires applicables par ailleurs.",
        "Le centre de stockage est aménagé de manière à empêcher les eaux de ruissellement extérieures au site d'y pénétrer. Ce réseau et ces digues seront contrôlés périodiquement.",
        {
            "id": null,
            "level": 1,
            "text": "Article 2 - Conditions techniques applicables à la collecte et à la régulation des eaux de ruissellement"
        },
        "2.1. Ouvrages d’infiltration et de rétention :",
        "La régulation des eaux de ruissellement du site est assurée par un bassin de rétention d’un volume global de 36 m° dimensionné jusqu’à des événements pluviométriques de fréquence de retour 10 ans.",
        "A l’aval du bassin de rétention, le débit de fuite est régulé à 4/s par un orifice de fuite de diamètre 50 mm. 2,2, Prescriptions applicables au rejet :",
        "En sortie de bassin de rétention les eaux rejetées doivent respecter les valeurs limites suivantes :",
        " ",
        " ",
        " ",
        " ",
        " ",
        "Paramètres physico-chimiques Concentration sur 24 heures Concentration en instantané (mg/) (mg/l)",
        " ",
        "-__MES 25 100",
        " ",
        "» _DCO 30 125",
        " ",
        "_ Hydrocarbures . 2 10",
        " ",
        {
            "id": null,
            "level": 1,
            "text": "Article 3 - Exploitation et surveillance des ouvrages"
        },
        "L’exploitant est responsable de l’entretien et de la surveillance des installations comprenant notamment l’intervention en cas d’incident ou d’accident pour contenir la pollution à l’aide d’un dispositif d’obturation en sortie de bassin.",
        "Une visite de surveillance de l’ouvrage est réalisée selon une fréquence minimum trimestrielle, de manière à garantir le bon fonctionnement des dispositifs d’évacuation, de traitement, de régulation et d’obturation.",
        "Le bassin est curé régulièrement et autant que de besoin. Les boues récupérées sont éliminées conformément à la réglemen- tation en vigueur.",
        "L’exploitant tient à jour un carnet d’entretien précisant notamment les quantités de produits évacués ainsi que les dates d’évacuation, leurs différentes destinations et modes d’élimination. Ce document est tenu à la disposition de l’autorité admi- nistrative.",
        " ",
        " ",
        {
            "id": null,
            "level": 1,
            "text": "Article 4 - Surveillance de la qualité des eaux superficielles et souterraines"
        },
        " ",
        "Un suivi de la qualité des eaux du rejet, à la charge de l’exploitant, est effectué deux fois par an par temps de pluie sur un échantillon moyen de 24 heures qui sera constitué à partir de 4 prélèvements minimum espacés d’au moins 2 heures. Les paramètres mesurés sont ceux énumérés à l’article 2, paragraphe 2-3 ci-dessus.",
        "Par ailleurs, l’exploitant procède au minimum 2 fois par an à la surveillance de la qualité des eaux d'écoulement superfi- cielles et souterraines de la façon suivante :",
        "- _ prélèvement d’eau d’écoulement superficiel dans le bassin de rétention pour analyse sur les paramètres suivants : MES, DBO5, DCO, pH, sulfates, métaux totaux (Pb, Cu, Cr, Ni, Zn, Mn, Sn, Cd, Hg, Fe, Al), hydrocarbures totaux ;",
        "» _ prélèvement d’eau souterraine dans les deux piézomètres disposés au Nord et au Sud du site pour analyse sur les para- mètres suivants : MES, pH, conductivité, métaux totaux (Pb, Cu, Cr, Ni, Zn, Mn, Sn, Cd, Hg, Fe, A1).",
        "L’ensemble des résultats de ces analyses, assorti des commentaires en cas d’anomalie ou de dépassement, est transmis dans un délai d’un mois après émission du rapport d’analyse, à l’autorité administrative.",
        "Le cas échéant, l’exploitant peut être invité soit à renforcer, soit à alléger ce suivi notamment si les résultats négatifs répétés des analyses démontrent l’absence durable d’impact sur les milieux aquatiques."
    ],
    "id": "E_e_8aa3c8b04dbe4834014dbf02b510014e",
    "title": "Arrêté préfectoral N° 2007 - 690",
    "visas_considerant": [
        "",
        " ",
        " ",
        "",
        " ",
        "",
        "",
        " ",
        "",
        "",
        "le code de l’environnement et notamment son article L 541-30-1 ;",
        "le décret n° 2006-302 du 15 mars 2006 pris pour l’application de l’article L 541-30-1 du code de l’environnement relatif aux installations de stockage de déchets inertes ;",
        "l’arrêté du 7 juillet 2005 fixant le contenu des registres mentionnés à l’article 2 du décret n° 2005-635 du 30 mai 2005 relatif au contrôle des circuits de traitement de déchets et concernant les déchets dangereux et les déchets autres que dangereux ou radioactifs ;",
        "l’arrêté du 7 novembre 2005 relatif à la déclaration annuelle à l’administration des installations de stockage de déchets inertes mentionnée à l’article 5 du décret n° 2005-635 du 30 mai 2005 ;",
        "l’arrêté du 15 mars 2006 fixant la liste des types de déchets inertes admissibles dans des installations de stockage de déchets inertes et les conditions d’exploitation de ces installations ;",
        "la demande en date du 12 février 2007 de M JR PERON maire du Cloître - Saint Thégonnec; l’avis des services de l’Etat intéressés ; l'arrêté préfectoral n° 2007-0331 en date du 28 mars 2007 donnant délégation de signature à M. Jean",
        "vu",
        "Vu",
        "Vvu",
        "Christophe VILLEMAUD, directeur départemental de l'Equipement, notamment en matière de gestion de stockage de déchets inertes,"
    ]
}