{
    "content": [
        "ARRÊTE",
        {
            "id": null,
            "level": 1,
            "text": "Article 1"
        },
        "L'arrêté préfectoral du 28 décembre 2007, autorisant la société CARGILL France à exploiter une unité de production d’huile végétale à partir de graines de colza à Montoir de Bretagne, zone agro- alimentaire, quai n°2, est complété par les prescriptions ci-après :",
        {
            "id": null,
            "level": 1,
            "text": "Article 2"
        },
        "L’article 1.5 de l’arrêté du 28 décembre 2007 concernant les rubriques ICPE autorisées est complété par :",
        " ",
        " ",
        " ",
        " ",
        " ",
        " ",
        " ",
        " ",
        {
            "rows": [
                {
                    "cells": [
                        {
                            "colspan": 1,
                            "content": {
                                "active": true,
                                "links": [],
                                "table": null,
                                "text": "Rubrique\n\f"
                            },
                            "rowspan": 1
                        },
                        {
                            "colspan": 1,
                            "content": {
                                "active": true,
                                "links": [],
                                "table": null,
                                "text": "Désignation de l'activité\n\f"
                            },
                            "rowspan": 1
                        },
                        {
                            "colspan": 1,
                            "content": {
                                "active": true,
                                "links": [],
                                "table": null,
                                "text": "Capacité réelle maximale\n\f"
                            },
                            "rowspan": 1
                        },
                        {
                            "colspan": 1,
                            "content": {
                                "active": true,
                                "links": [],
                                "table": null,
                                "text": "Régime (*)\n(AS, A, D)\n\f"
                            },
                            "rowspan": 1
                        }
                    ],
                    "is_header": false,
                    "text_in_inspection_sheet": null
                },
                {
                    "cells": [
                        {
                            "colspan": 1,
                            "content": {
                                "active": true,
                                "links": [],
                                "table": null,
                                "text": "1715-2\n\f"
                            },
                            "rowspan": 1
                        },
                        {
                            "colspan": 1,
                            "content": {
                                "active": true,
                                "links": [],
                                "table": null,
                                "text": "Substances … radioactives … (préparation,\nfabrication, transformation, conditionnement,\nutilisation, dépôt, entreposage ou stockage\nde) sous forme de sources radioactives,\nscellées ou non scellées à l’exception des\ninstallations mentionnées à la rubrique 1735,\ndes — installations nucléaires  de …base\nmentionnées à l’article 28 de la loi n° 2006-\n686 du 13 juin 2006 relative à la transparence\net à la sécurité en matière nucléaire et des\ninstallations nucléaires de base secrètes telles\nque définies par l’article 6 du décret n° 2001-\n592 du 5 juillet 2001.\n\nLa valeur Q est inférieure à 10*.\n\f"
                            },
                            "rowspan": 1
                        },
                        {
                            "colspan": 1,
                            "content": {
                                "active": true,
                                "links": [],
                                "table": null,
                                "text": "Q=740\n\n(A=74 MBg et Aex=10°)\n\f"
                            },
                            "rowspan": 1
                        },
                        {
                            "colspan": 1,
                            "content": {
                                "active": true,
                                "links": [],
                                "table": null,
                                "text": "\f"
                            },
                            "rowspan": 1
                        }
                    ],
                    "is_header": false,
                    "text_in_inspection_sheet": null
                }
            ]
        },
        " ",
        {
            "id": null,
            "level": 1,
            "text": "Article 3 — DETENTION ET MISE EN ŒUVRE DE RADIONUCLEIDES SOUS FORME DE SOURCES SCELLEES"
        },
        "La présente autorisation tient lieu de l’autorisation prévue à l’article L. 1333-4 du code de la santé",
        "publique pour les activités mentionnées à l’article 2.",
        "La présente autorisation ne dispense pas son titulaire de se conformer aux dispositions des autres réglementations applicables et en particulier à celles relatives au transport de matières radioactives et à l’hygiène et sécurité du travail. En matière d’hygiène et de sécurité du travail, sont en particulier concernées, les dispositions relatives :",
        "- à la formation du personnel,",
        "- aux contrôles initiaux et périodiques des sources et des appareils en contenant, - à l’analyse des postes de travail,",
        "- au zonage radiologique de l’installation,",
        "- aux mesures de surveillance des travailleurs exposés.",
        {
            "id": null,
            "level": 1,
            "text": "Article 4"
        },
        "Dès notification du présent arrêté, l'exploitant désigne à l'inspection des installations classées, la personne physique directement responsable de l'emploi de substances radioactives désignée en application de l’article L. 1333-4 du code de la santé publique.",
        "Tout changement de personne responsable fait l'objet d'une information du préfet et de l'IRSN.",
        {
            "id": null,
            "level": 1,
            "text": "Article 5"
        },
        "Les sources radioactives sont utilisées dans l'atelier d'extraction d'huile végétale par l'hexane pour la mesure de niveau à l'intérieur des trémies.",
        "Ces jauges nécessitent la mise en place d’éléments radioactifs dans des enceintes scellées, dont le diaphragme n’est ouvert que pendant la mesure.",
        "La présente autorisation porte sur l'utilisation de 2 sources scellées de Cobalt 60 d'activité unitaire de 37 MBq, ce qui représente une activité totale autorisée de 74 MBq. Toutefois, cette valeur peut varier d'environ + 10 % selon l'activité réelle des sources remplacées.",
        {
            "id": null,
            "level": 1,
            "text": "Article 6"
        },
        "Les appareils contenant des sources radioactives sont installés et opérés conformément aux instructions du fabricant.",
        "Les appareils contenant des sources radioactives sont maintenus en bon état de fonctionnement. Ils font l'objet d'un entretien approprié et compatible avec les recommandations du fabricant.",
        "Le conditionnement des sources scellées doit être tel que leur étanchéité soit parfaite et leur détérioration impossible dans toutes les conditions normales d'emploi et en cas d'incident exceptionnel prévisible.",
        "L’exploitant définit des consignes écrites à mettre en oeuvre en cas de perte ou de détérioration de sources ou d’appareils en contenant. Ces consignes sont régulièrement mises à jour et tenues à la disposition de l’inspection des installations classées.",
        "Tout appareil présentant une défectuosité est clairement identifié. L'utilisation d’un tel appareil est suspendue jusqu'à ce que la réparation correspondante ait été effectuée et que le bon fonctionnement de l'appareil ait été vérifié.",
        "La défectuosité et sa réparation sont consignées dans un registre présentant :",
        "- les références de l'appareil concerné,",
        "- la date de découverte de la défectuosité,",
        "- une description de la défectuosité,",
        "- une description des réparations effectuées, et l'identification de l'entreprise/organisme qui les a accomplies,",
        "- la date de vérification du bon fonctionnement de l'appareil, et l'identification de l'entreprise/organisme qui l'a réalisée.",
        {
            "id": null,
            "level": 1,
            "text": "Article 7"
        },
        "Les sources sont utilisées et entreposées de telle sorte que le débit de dose externe en tout lieu accessible au public soit maintenu aussi bas que raisonnablement possible et, en tout état de cause, de façon à assurer le respect de la limite de dose efficace annuelle de 1 mSv/an.",
        "En tant que de besoin, des écrans supplémentaires en matériau convenable sont interposés sur le trajet des rayonnements.",
        {
            "id": null,
            "level": 1,
            "text": "Article 8"
        },
        "Des panneaux réglementaires de signalisation de radioactivité sont placés d'une façon apparente et appropriée à l'entrée des lieux de travail et de stockage des sources. En cas d'existence d'une zone contrôlée délimitée en vertu de l'article R 231.81 du code du travail, la signalisation est celle de cette zone.",
        {
            "id": null,
            "level": 1,
            "text": "Article 9"
        },
        "Afin de remplir les obligations imposées par le premier alinéa de l’article R.1333-50 du code de la santé publique et par le second alinéa de l’article R.231-87 du code du travail, l'exploitant met en place un processus systématique et formalisé de suivi des mouvements de sources radioactives qu’il détient, depuis leur acquisition jusqu’à leur cession ou leur élimination ou leur reprise par un fournisseur ou un organisme habilité. Ce processus permet notamment de connaître à tout instant :",
        "- les activités détenues, ceci en vue de démontrer la conformité aux prescriptions dans la présente autorisation, - la localisation d’une source donnée.",
        "L’inventaire des sources, établi au titre du premier alinéa de l’article R.1333-50 du code de la santé publique et du second alinéa de l’article R.231-87 du code du travail, mentionne les références des enregistrements obtenus auprès de l’Institut de radioprotection et de sûreté nucléaire.",
        "Afin de consolider l’état récapitulatif des radionucléides présents dans l’établissement, l'exploitant effectue, périodiquement, un inventaire physique des sources. Cette périodicité est au plus annuelle ou, pour les sources qui sont fréquemment utilisées hors de l’établissement, au plus trimestrielle.",
        "L'exploitant fournit à l'inspection des installations classées, tous les 5 ans à compter de la date de parution du présent arrêté, un document de synthèse contenant l'inventaire des sources et appareils en contenant détenues, les rapports de contrôle des sources et appareils en contenant prévus à l’alinéa I-4° de l’article R. 231-84 du code du travail, les résultats du contrôle des débits de dose externe et le réexamen de la justification du recours à l'emploi de substance radioactive.",
        "Le contrôle des débits de dose externe à l'extérieur de l'installation et dans les lieux accessibles au public, dans les diverses configurations d’utilisation et de stockage des sources, ainsi que de la contamination radioactive de l'appareil, est effectué à la mise en service des installations puis au moins deux fois par an. Les résultats de ce contrôle sont consignés sur un registre qui devra être tenu sur place à la disposition de l'inspection des installations classées. Ce contrôle peut être effectué par l'exploitant.",
        {
            "id": null,
            "level": 1,
            "text": "Article 10"
        },
        "Les récipients contenant les sources doivent porter extérieurement, en caractères très lisibles, indélébiles et résistant au feu, la dénomination du produit contenu, son activité exprimée en Becquerels et la date de la mesure de cette activité.",
        "En dehors des heures d'emploi, les sources scellées sont conservées dans des conditions telles que leur protection contre le vol et l'incendie soit convenablement assurée ; elles sont notamment stockées dans des logements ou coffres appropriés fermés à clef (lui même situé dans un local dont l’accès est contrôlé) dans les cas où elles ne seraient pas fixées à une structure inamovible.",
        {
            "id": null,
            "level": 1,
            "text": "Article 11"
        },
        "Des dispositions particulières sont prises par l'exploitant pour prévenir le vol la perte ou la détérioration de sources ou d’appareils en contenant.",
        "La perte, le vol de radionucléide ou d’appareil en contenant ainsi que tout accident (événement fortuit risquant d'entraîner un dépassement des limites d'exposition fixées par la réglementation) doivent être signalés impérativement et sans délai au préfet du département où l'évènement s'est produit ainsi qu'à l’Institut de radioprotection et de sûreté nucléaire (IRSN), avec copie à l'inspection des installations classées.",
        "Le rapport mentionnera la nature des radioéléments, leur activité, le type et numéro d'identification de la source scellée, le fournisseur, la date et les circonstances détaillées de l'accident.",
        {
            "id": null,
            "level": 1,
            "text": "Article 12"
        },
        "L’exploitant restituera les sources scellées qu'il détient à leurs fournisseurs, en fin d'utilisation ou au plus tard dans un délai de dix ans après la date du premier visa apposé sur le formulaire de fourniture, sauf prolongation en bonne et due forme de l'autorisation d'utilisation obtenue auprès de la préfecture.",
        {
            "id": null,
            "level": 1,
            "text": "Article 13"
        },
        "Pour toute acquisition, cession, importation ou exportation de radionucléides, l’exploitant fera établir un formulaire qui sera présenté à l'enregistrement de l'Institut de radioprotection et de sûreté nucléaire (IRSN) suivant les dispositions des articles R.1333-47 à R.1333-49 du code de la santé publique.",
        "Lors de l’acquisition de sources scellées auprès de fournisseurs, l’exploitant veillera à ce que les conditions de reprise de ces sources (en fin d’utilisation ou lorsqu’elles deviendront périmées) par le fournisseur soient précisées et formalisées dans un document dont un exemplaire est conservé par le titulaire.",
        {
            "id": null,
            "level": 1,
            "text": "Article 14"
        },
        "Au cas où l’entreprise devait se déclarer en cessation de paiement entraînant une phase d’administration judiciaire ou de liquidation judiciaire, l’exploitant informera sous quinze jours le service instructeur de la présente autorisation.",
        {
            "id": null,
            "level": 1,
            "text": "Article 15"
        },
        "Faute pour la société CARGILL France de se conformer aux dispositions du présent arrêté il pourra, indépendamment des sanctions pénales encourues, être fait application des sanctions administratives prévues à l’article L 514-1 du titre 1er du Livre V du code de l’environnement.",
        {
            "id": null,
            "level": 1,
            "text": "Article 16"
        },
        "Conformément aux dispositions de l’article L 514-6 du titre ler du Livre V du code de l’environnement, la présente décision ne peut être déférée qu’au tribunal administratif de Nantes. Le délai de recours est de deux mois pour le demandeur ou l’exploitant et commence à courir du",
        "jour de la notification de la présente décision. Il est de quatre ans pour les tiers à compter de l’affichage de l’arrêté.",
        "Tout recours gracieux, en vertu de ces mêmes dispositions, ne peut interrompre ces délais de recours contentieux.",
        {
            "id": null,
            "level": 1,
            "text": "Article 17"
        },
        "Une copie du présent arrêté sera déposée à la mairie de Montoir de Bretagne et pourra y être consultée.",
        "Un extrait de cet arrêté, énumérant les conditions auxquelles l’autorisation est accordée, sera affiché à la mairie de Montoir de Bretagne pendant une durée minimum d’un mois.",
        "Procès-verbal de l’accomplissement de ces formalités sera dressé par les soins du maire de Montoir de Bretagne et envoyé à la préfecture de la Loire-Atlantique (direction de l’aménagement et de l’environnement - bureau de l’environnement).",
        "Un avis sera inséré par les soins du préfet et aux frais de la société CARGILL France dans les quotidiens «(OUEST-FRANCE» et «PRESSE-OCEAN».",
        {
            "id": null,
            "level": 1,
            "text": "Article 18"
        },
        "Deux copies du présent arrêté seront remises à la société CARGILL France qui devra toujours les avoir en sa possession et les présenter à toute réquisition. Un extrait de cet arrêté sera affiché en permanence, de façon visible, dans l’établissement par les soins de ce dernier.",
        {
            "id": null,
            "level": 1,
            "text": "Article 19"
        },
        "Le secrétaire général de la préfecture de la Loire-Atlantique, le sous-préfet de Saint-Nazaire, le maire de Montoir de Bretagne, le directeur régional de l’industrie, de la recherche et de l’environnement - inspecteur principal des installations classées sont chargés, chacun en ce qui le concerne, de l’exécution du présent arrêté.",
        "Nantes, le 30 juin 2008",
        "Le PREFET signé : Michel PAPAUD"
    ],
    "id": "N_5_d9098b9e7303458493598ee48021aa25",
    "title": "",
    "visas_considerant": [
        "",
        "",
        "",
        "",
        "VU le titre 1\" du livre V du code de l’environnement (parties législative et réglementaire),",
        " ",
        "relatif aux installations classées pour la protection de l’environnement, notamment l’article R 511-9 fixant la nomenclature des installations classées ;",
        "VU l’arrêté préfectoral en date du 28 décembre 2007 autorisant la société CARGILL France",
        "à exploiter une unité de production d’huile végétale à Montoir de Bretagne, zone agro- alimentaire, quai n°2 ;",
        "VU la demande présentée par la société CARGILL France en vue d’obtenir l’autorisation de",
        "détenir et d’utiliser des radioéléments sous forme de sources scellées dans son établissement de Montoir de Bretagne ;",
        "VU les plans et documents annexés à la demande ;",
        "VU l’avis émis par le directeur régional de l’industrie, de la recherche et de",
        "l’environnement, inspecteur principal des installations classées en date du 26 mai 2008 ;",
        "VU l’avis émis par le Conseil Départemental de l’Environnement et des Risques Sanitaires",
        "et Technologiques dans sa séance du 12 juin 2008 ;",
        "VU le projet d’arrêté transmis à la société CARGILL France en application de l’article R",
        "512-26 du code de l’environnement en l’invitant à formuler ses observations dans un délai de 15 jours ;",
        "VU la lettre d’accord de la société CARGILL France reçue le 24 juin 2008,",
        "CONSIDERANT que l’installation est soumise à autorisation ;",
        "CONSIDERANT qu’aux termes de l’article L 512-1 du titre ler du livre V du code de",
        "l’environnement l’autorisation ne peut être accordée que si les dangers ou inconvénients de l’installation peuvent être prévenus par des mesures que spécifie l’arrêté préfectoral ;",
        "CONSIDERANT que les conditions d’aménagement et d’exploitation, telles qu’elles sont",
        "définies par le présent arrêté, permettent de prévenir les dangers et inconvénients de l’installation pour les intérêts mentionnés par l’article L 511-1 du titre 1er du livre V du code de l’environnement, notamment pour la commodité du voisinage, pour la santé, la sécurité, la salubrité publiques et pour la protection de la nature et de l’environnement ;",
        "SUR la proposition du secrétaire général de la préfecture de la Loire-Atlantique ;",
        "6, QUAI CEINERAY — BP33515 — 44035 NANTES CEDEX 1 TELEPHONE : 02.40.41.20.20 — COURRIEL : courrier@loire-atlantique.pref.gouv.fr SITE INTERNET : www.loire-atlantique.pref.gouv.fr"
    ]
}