{
    "content": [
        "ARRÊTE",
        {
            "id": null,
            "level": 1,
            "text": "Article 1 : Objet"
        },
        "Les dispositions du présent arrêté modifient et complètent celles de l'arrêté préfectoral du 22 août 1995, complété par les arrêtés préfectoraux complémentaires des 11 mai 2004 et 23 octobre 2013 susvisés, autorisant la société Onyx Est à exploiter une installation de récupération et de traitement de papiers, cartons, plastiques et de déchets provenant de la collecte sélective des ménages sur le territoire de la commune de Longvic (21600) sise 1 rue Colbert — Z.I de Longvic ;",
        {
            "id": null,
            "level": 1,
            "text": "Article 2 : Garanties financières"
        },
        "2.1. Objet des garanties financières : En application des dispositions de l’article R.5126-2 IV 5° du code de l’environnement, les installations classées visées par les rubriques 2714 (tri/transit/regroupement de déchets de papiers, cartons, caoutchouc, textiles, bois,",
        "plastiques) et 2716 (tri/transit/regroupement de déchets non dangereux non inertes), disposent de garanties financières relatives :",
        "p. 2/5",
        "a) à la mise en sécurité du site de l'installation en application des dispositions mentionnées aux articles R.512- 39-1 et R.512-46-25 du code de l’environnement ;",
        "b) et dans le cas d'une garantie additionnelle à constituer en application des dispositions du VI de l’article R.512-6-2 du code de l’environnement, mesures de gestion de la pollution des sols ou des eaux souterraines. 2.2. Montant des garanties financières :",
        "Le montant des garanties financières est : M“ = 98236 €",
        "(#) Ce montant a été calculé sur la base de l’indice TP01 connu au 31 décembre 2013, soit celui de septembre 2013 (703,9) et d’un taux de TVA de 20 %.",
        "2.3. Établissement des garanties financières :",
        "L’exploitant constitue les garanties financières selon l'échéancier suivant :",
        " ",
        " ",
        " ",
        " ",
        "Date Montant des GF à constituer Avant le 1* juillet 2014 20 % soit 19647€ Avant le 1“ juillet 2015 40 % soit 39 294 € Avant le 1\" juillet 2016 60 % soit 58 942 € Avant le 1* juillet 2017 80 % soit 78 589 € Avant le 1“ juillet 2018 100 % soit 98 236 €",
        " ",
        " ",
        " ",
        " ",
        " ",
        " ",
        "L'exploitant adresse au Préfet le document attestant la constitution des garanties financières établi dans les formes prévues par l'arrêté ministériel du 31 juillet 2012 relatif aux modalités de constitution de garanties financières prévues aux articles R. 516-1 et suivants du code de l'environnement.",
        "2.4. Renouvellement des garanties financières :",
        "Le renouvellement de l'acte de cautionnement des garanties financières intervient au moins trois mois avant la date d'échéance du document prévu à l'article 2.3 du présent arrêté.",
        "Pour attester du renouvellement de l'acte, l'exploitant adresse au Préfet, au moins trois mois avant la date d'échéance, un nouveau document dans les formes prévues par l'arrêté ministériel du 31 juillet 2012 relatif aux modalités de constitution de garanties financières prévues aux articles R. 516-1 et suivants du code de l'environnement.",
        "2.5. Actualisation des garanties financières",
        "Sans préjudice des dispositions de l'article R.516-5-1 du code de l'environnement, l'exploitant est tenu d'actualiser le montant des garanties financières et en atteste auprès du Préfet dans les cas suivants : «  a minima tous les cinq ans au prorata de la variation de l'indice publié TP 01 ; »  sur une période au plus égale à cinq ans, lorsqu'il y a une augmentation supérieure à 15% de l'indice TP01, et ce dans les six mois qui suivent cette augmentation.",
        "Ce montant réactualisé est obtenu par application de la méthode d'actualisation suivante :",
        "(Indexn) (1+ TVAn)",
        "(Indexr) (1+ TVAr)",
        "M, : le montant des garanties financières devant être constituées l'année n et figurant dans le document d'attestation de la constitution de",
        "garanties financières. M : le montant de référence des garanties financières, c'est-à-dire le premier montant arrêté par le préfet.",
        "Index, : indice TPO1 au moment de la constitution du document d'aîtestation de la constitution de garanties financières.",
        "p. 3/5",
        "Index, : indice TPO1 utilisé pour l'établissement du montant de référence des garanties financières fixé par l'arrêté préfectoral. TVA, : taux de la TVA applicable au moment de la constitution du document d'attestation de la constitution de garanties financières. TVA, : taux de la TVA applicable à l'établissement de l'arrêté préfectoral fixant le montant de référence des garanties financières. Les indices TPO1 sont consultables au Bulletin officiel de la concurrence, de la consommation et de la répression des fraudes.",
        "2.6. Révision du montant des garanties financières",
        "Toute modification des conditions d'exploitation conduisant à une modification du coût de mise en sécurité nécessite une révision du montant de référence des garanties financières.",
        "2.7. Absence de garanties financières",
        "Outre les sanctions rappelées à l’article L516-1 du code de l’environnement, l'absence de garanties financières peut entraîner la suspension du fonctionnement des installations classées visées au présent arrêté, après mise en œuvre des modalités prévues à l'article L.171-8 de ce code.",
        "Conformément à l'article L.171-9 du même code, pendant la durée de la suspension, l'exploitant est tenu d'assurer à son personnel le paiement des salaires, indemnités et rémunérations de toute nature auxquels il avait droit jusqu'alors.",
        "2.8. Appel des garanties financières",
        "En cas de défaillance de l’exploitant, le Préfet peut faire appel aux garanties financières quand une des obligations de mise en sécurité, de remise en état, de surveillance ou d’intervention telles que prévues à l’article R.516-2-IV du Code de l’environnement ou dans l’arrêté d’autorisation n’est pas réalisée, et après intervention des mesures prévues à l’article L.171-8 du Code de l’environnement.",
        "2.9. Levée de l’obligation de garanties financières",
        "L’obligation de garanties financières est levée à la cessation d’exploitation des installations nécessitant la mise en place des garanties financières, et après que les travaux couverts par les garanties financières ont été normalement réalisés.",
        "Ce retour à une situation normale est constaté, dans le cadre de la procédure de cessation d’activité prévue aux articles R. 512 39-1 à R. 512-39-3 du Code de l’environnement, par l'inspection des installations classées qui établit un procès-verbal de constatation de la réalisation des travaux comme prévu à l’article R.512-39-3 III du même code.",
        "L’obligation de garanties financières est levée par arrêté préfectoral après consultation des maires des communes intéressées.",
        "En application de l'article R.516-5 du Code de l’environnement, le préfet peut demander la réalisation, aux frais de l'exploitant, d'une évaluation critique par un tiers expert des éléments techniques justifiant la levée de l'obligation de garanties financières.",
        {
            "id": null,
            "level": 1,
            "text": "Article 3 : Sanctions"
        },
        "Les infractions ou l’inobservation des conditions légales fixées par le présent arrêté entraîneront l’application des sanctions pénales et administratives prévues par le titre 1” du livre V du Code de l’Environnement.",
        {
            "id": null,
            "level": 1,
            "text": "Article 4 : Recours"
        },
        "La présente décision ne peut être déférée qu’au tribunal administratif de Dijon :",
        "°  par les tiers, personnes physiques ou morales, les communes intéressées ou leurs groupements, dans un délai d'un an à compter de la publication ou de l'affichage de cette décision. Toutefois, si la mise en service de l'installation n'est pas intervenue six mois après la publication ou l'affichage de la décision, le délai de recours continue à courir jusqu'à l'expiration d'une période de six mois après cette mise en service ;",
        "p. 4/5",
        "°  par le demandeur ou l’exploitant, dans un délai de deux mois à compter de la date à laquelle la décision leur a été notifiée.",
        {
            "id": null,
            "level": 1,
            "text": "Article 5 : Exécution"
        },
        "La Secrétaire Générale de la Préfecture de la Côte d’Or, M. le Maire de la commune de Longvic, M\"* la Directrice Régionale de l'Environnement, de l'Aménagement et du Logement de la Bourgogne et le Directeur de la société Onyx Est sont chargés, chacun en ce qui le concerne, de l’exécution des dispositions du présent arrêté dont une copie sera notifiée à :",
        "e M\"* la Directrice Régionale de l'Environnement, de l'Aménagement et du Logement de la Bourgogne ;",
        "e  M. le Directeur des Archives Départementales ;",
        "°  M. le Directeur de la société Onyx Est ;",
        "°  M. le Maire de la commune de Longvic.",
        "Faità Dijonie 3 % JiL, 201",
        "LE PRÉFET Pour le Préfet et par délégation La Secrétaire Générale,",
        "   ",
        "Marie-flélène VALENTE",
        "p. 5/5"
    ],
    "id": "D_b_e3c5647134c34ff49113851e28f53c1b",
    "title": "V ; 90 ARRÊTÉ PREFEÇTORALN°..ÈËZ‘@ DU .22 . y Vet Zalte PORTANT PRESCRIPTIONS COMPLÉMENTAIRES",
    "visas_considerant": [
        "",
        "",
        "",
        "",
        "",
        "",
        "",
        "",
        " ",
        " ",
        "VUS ET CONSIDÉRANTS",
        " ",
        " ",
        "Vu le titre I du livre V de la partie législative du code de l’environnement relatif aux installations classées pour la protection de l’environnement, et notamment son article L.516-1 ;",
        "Vu le titre 1 du livre V de la partie réglementaire du code de l’environnement, et en particulier ses articles R.516-1 et R.516-2 relatifs à la constitution des garanties financières et R.512-33 ;",
        "Vu l’arrêté ministériel du 31 mai 2012 fixant la liste des installations classées soumises à l'obligation de constitution de garanties financières en application du 5° de l'article R. 516-1 du code de l'environnement ;",
        "Vvu l’arrêté ministériel du 31 mai 2012 relatif aux modalités de détermination et d'actualisation du montant des garanties financières pour la mise en sécurité des installations classées et des garanties additionnelles en cas de mise en œuvre de mesures de gestion de la pollution des sols et des eaux souterraines ;",
        "Vvu l’arrêté ministériel du 31 juillet 2012 relatif aux modalités de constitution de garanties financières prévues aux articles R. 516-1 et suivants du code de l'environnement ;",
        "Vu l'arrêté préfectoral du 22 août 1995, complété par les arrêtés préfectoraux complémentaires des 11 mai 2004 et 23 octobre 2013, autorisant la société SODIREC à exploiter une installation de récupération et de traitement de papiers, cartons, plastiques et de déchets provenant de la collecte sélective des ménages sur le territoire de la commune de Longvic (21600) sise 1 rue Colbert — Z.1 de Longvic ;",
        "Accueil général du lundi au vendredi de 9 h à 12 het 13h 30 à 17h Accueil titres et réglementation du lundi au vendredi de 8 h 30 à 13 h ADRESSE POSTALE : 21041 DIJON CEDEX — téléphone 03 80 44 64 00 — télécopie 03 80 44 65 72 — http://www.bourgogne.gouv.fr",
        "p. 1/5",
        "Vvu le récépissé de changement d’exploitant au profit de la société Onyx Est délivré par la Préfecture de la Côte d’Or le 13 décembre 2001 ;",
        "Vvu le courrier de la société Onyx Est du 18 novembre 2013, complété le 19 mars 2014, proposant le montant initial des garanties financières en application de l’article R.516-1 du code de l’environnement ;",
        "Vu le projet d’arrêté porté le 16 avril 2014 (courrier électronique) à la connaissance du demandeur ;",
        "Vvu les observations présentées sur ce projet par la société Onyx Est le 16 avril 2014 (ou l'absence d'observation de la société Onyx Est dans le délai imparti) ;",
        "Vvu le rapport de l’inspection des installations classées du 20 mai 2014 ; Vu l’avis du 19 juin 2014 du CODERST au cours duquel le demandeur a eu la possibilité d’être entendu ;",
        "vu l'arrêté préfectoral porté à la connaissance de l'exploitant par courrier du 24 juin 2014 qui n'a fait l'objet d'aucune observation de sa part :",
        "CONSIDÉRANT que le site est soumis à autorisation au titre des rubriques 2714 et 2716 de la nomenclature des installations classées. Ces rubriques 27XX figure en annexe I de l’arrêté ministériel du 31 mai 2012 fixant la liste des installations classées soumises à l'obligation de constitution de garanties financières en application du 5° de l'article R. 516-1 du code de l'environnement susvisé ;",
        "CONSIDÉRANT qu’en application de l’article R.516-2 du code de l’environnement, il est nécessaire de fixer le montant des garanties financières exigées en vertu de l’article R.516-1 alinéa 5° du même code. Ce montant a été établi sur la base de 225 t déchets non dangereux ;",
        "Sur proposition de la Secrétaire Générale de la préfecture de la Côte d’Or."
    ]
}